Access ID,Customer ID,AccessDate,PageVisited
1,1,2024-02-01,Homepage
2,2,2024-02-01,Product Page
3,3,2024-02-01,Homepage
4,4,2024-02-01,About Us
5,5,2024-02-01,Contact Us
6,6,2024-02-01,Homepage
7,7,2024-02-01,Product Page
8,8,2024-02-01,Homepage
9,9,2024-02-01,Product Page
10,10,2024-02-01,Homepage
11,11,2024-02-01,About Us
12,12,2024-02-01,Contact Us
13,13,2024-02-01,Homepage
14,14,2024-02-01,Product Page
15,15,2024-02-01,Homepage
16,16,2024-02-01,Product Page
17,17,2024-02-01,Homepage
18,18,2024-02-01,About Us
19,19,2024-02-01,Contact Us
20,20,2024-02-01,Homepage
21,21,2024-02-01,Product Page
22,22,2024-02-01,Homepage
23,23,2024-02-01,Product Page
24,24,2024-02-01,Homepage
25,25,2024-02-01,About Us
26,26,2024-02-01,Contact Us
27,27,2024-02-01,Homepage
28,28,2024-02-01,Product Page
29,29,2024-02-01,Homepage
30,30,2024-02-01,Product Page
31,31,2024-02-01,Homepage
32,32,2024-02-01,About Us
33,33,2024-02-01,Contact Us
34,34,2024-02-01,Homepage
35,35,2024-02-01,Product Page
36,36,2024-02-01,Homepage
37,37,2024-02-01,Product Page
38,38,2024-02-01,Homepage
39,39,2024-02-01,About Us
40,40,2024-02-01,Contact Us
41,1,2024-02-02,Homepage
42,2,2024-02-02,Product Page
43,3,2024-02-02,Homepage
44,4,2024-02-02,About Us
45,5,2024-02-02,Contact Us
46,6,2024-02-02,Homepage
47,7,2024-02-02,Product Page
48,8,2024-02-02,Homepage
49,9,2024-02-02,Product Page
50,10,2024-02-02,Homepage
51,11,2024-02-02,About Us
52,12,2024-02-02,Contact Us
53,13,2024-02-02,Homepage
54,14,2024-02-02,Product Page
55,15,2024-02-02,Homepage
56,16,2024-02-02,Product Page
57,17,2024-02-02,Homepage
58,18,2024-02-02,About Us
59,19,2024-02-02,Contact Us
60,20,2024-02-02,Homepage
61,21,2024-02-02,Product Page
62,22,2024-02-02,Homepage
63,23,2024-02-02,Product Page
64,24,2024-02-02,Homepage
65,25,2024-02-02,About Us
66,26,2024-02-02,Contact Us
67,27,2024-02-02,Homepage
68,28,2024-02-02,Product Page
69,29,2024-02-02,Homepage
70,30,2024-02-02,Product Page
71,31,2024-02-02,Homepage
72,32,2024-02-02,About Us
73,33,2024-02-02,Contact Us
74,34,2024-02-02,Homepage
75,35,2024-02-02,Product Page
76,36,2024-02-02,Homepage
77,37,2024-02-02,Product Page
78,38,2024-02-02,Homepage
79,39,2024-02-02,About Us
80,40,2024-02-02,Contact Us
